{
  "inputs": {
    "input0": [
      224,
      224,
      3
    ]
  },
  "outputs": {
    "output0": [
      1,
      1,
      4
    ]
  },
  "params_quantity": 1836052,
  "loss": [
    [
      1,
      2.09362
    ],
    [
      2,
      1.73266
    ],
    [
      3,
      1.51423
    ],
    [
      4,
      1.38854
    ],
    [
      5,
      1.32148
    ],
    [
      6,
      1.27023
    ],
    [
      7,
      1.22347
    ],
    [
      8,
      1.18946
    ],
    [
      9,
      1.15684
    ],
    [
      10,
      1.12179
    ],
    [
      11,
      1.092
    ],
    [
      12,
      1.06341
    ],
    [
      13,
      1.04071
    ],
    [
      14,
      1.01565
    ],
    [
      15,
      0.99319
    ],
    [
      16,
      0.97545
    ],
    [
      17,
      0.9534
    ],
    [
      18,
      0.93417
    ],
    [
      19,
      0.91818
    ],
    [
      20,
      0.9019
    ],
    [
      21,
      0.88564
    ],
    [
      22,
      0.87008
    ],
    [
      23,
      0.85616
    ],
    [
      24,
      0.84353
    ],
    [
      25,
      0.8299
    ],
    [
      26,
      0.81972
    ],
    [
      27,
      0.80741
    ],
    [
      28,
      0.79678
    ],
    [
      29,
      0.7856
    ],
    [
      30,
      0.77698
    ],
    [
      31,
      0.76608
    ],
    [
      32,
      0.75821
    ],
    [
      33,
      0.75103
    ],
    [
      34,
      0.74057
    ],
    [
      35,
      0.7348
    ],
    [
      36,
      0.72475
    ],
    [
      37,
      0.71825
    ],
    [
      38,
      0.71297
    ],
    [
      39,
      0.70647
    ],
    [
      40,
      0.69811
    ],
    [
      41,
      1.01567
    ],
    [
      42,
      0.94187
    ],
    [
      43,
      0.89534
    ],
    [
      44,
      0.83906
    ],
    [
      45,
      0.81577
    ],
    [
      46,
      0.76143
    ],
    [
      47,
      0.72568
    ],
    [
      48,
      0.70955
    ],
    [
      49,
      0.68373
    ],
    [
      50,
      0.65982
    ],
    [
      51,
      0.64002
    ],
    [
      52,
      0.62599
    ],
    [
      53,
      0.61697
    ],
    [
      54,
      0.5998
    ],
    [
      55,
      0.5788
    ],
    [
      56,
      0.60771
    ],
    [
      57,
      0.55724
    ],
    [
      58,
      0.55489
    ],
    [
      59,
      0.54671
    ],
    [
      60,
      0.52344
    ],
    [
      61,
      0.54347
    ],
    [
      62,
      0.50315
    ],
    [
      63,
      0.49448
    ],
    [
      64,
      0.49781
    ],
    [
      65,
      0.475
    ],
    [
      66,
      0.47943
    ],
    [
      67,
      0.4578
    ],
    [
      68,
      0.45482
    ],
    [
      69,
      0.46637
    ],
    [
      70,
      0.45548
    ],
    [
      71,
      0.42988
    ],
    [
      72,
      0.44164
    ],
    [
      73,
      0.43613
    ],
    [
      74,
      0.4392
    ],
    [
      75,
      0.39715
    ],
    [
      76,
      0.4207
    ],
    [
      77,
      0.40671
    ],
    [
      78,
      0.40275
    ],
    [
      79,
      0.41274
    ],
    [
      80,
      0.39903
    ],
    [
      81,
      0.3923
    ],
    [
      82,
      0.40473
    ],
    [
      83,
      0.38282
    ],
    [
      84,
      0.40019
    ],
    [
      85,
      0.38664
    ],
    [
      86,
      0.37239
    ],
    [
      87,
      0.37952
    ],
    [
      88,
      0.36637
    ],
    [
      89,
      0.36754
    ],
    [
      90,
      0.37284
    ],
    [
      91,
      0.37713
    ],
    [
      92,
      0.36057
    ],
    [
      93,
      0.38171
    ],
    [
      94,
      0.35225
    ],
    [
      95,
      0.37715
    ],
    [
      96,
      0.38605
    ],
    [
      97,
      0.38286
    ],
    [
      98,
      0.36846
    ],
    [
      99,
      0.35214
    ],
    [
      100,
      0.35522
    ]
  ],
  "acc": [
    [
      1,
      0.21739
    ],
    [
      2,
      0.23551
    ],
    [
      3,
      0.25725
    ],
    [
      4,
      0.3442
    ],
    [
      5,
      0.38768
    ],
    [
      6,
      0.4058
    ],
    [
      7,
      0.43478
    ],
    [
      8,
      0.45652
    ],
    [
      9,
      0.47464
    ],
    [
      10,
      0.52899
    ],
    [
      11,
      0.55072
    ],
    [
      12,
      0.56522
    ],
    [
      13,
      0.5942
    ],
    [
      14,
      0.59783
    ],
    [
      15,
      0.6087
    ],
    [
      16,
      0.61594
    ],
    [
      17,
      0.64855
    ],
    [
      18,
      0.65217
    ],
    [
      19,
      0.65217
    ],
    [
      20,
      0.67391
    ],
    [
      21,
      0.67754
    ],
    [
      22,
      0.69565
    ],
    [
      23,
      0.69928
    ],
    [
      24,
      0.69565
    ],
    [
      25,
      0.72464
    ],
    [
      26,
      0.71739
    ],
    [
      27,
      0.72464
    ],
    [
      28,
      0.72101
    ],
    [
      29,
      0.74275
    ],
    [
      30,
      0.74275
    ],
    [
      31,
      0.76449
    ],
    [
      32,
      0.75
    ],
    [
      33,
      0.76449
    ],
    [
      34,
      0.78986
    ],
    [
      35,
      0.78261
    ],
    [
      36,
      0.7971
    ],
    [
      37,
      0.79348
    ],
    [
      38,
      0.80435
    ],
    [
      39,
      0.7971
    ],
    [
      40,
      0.81522
    ],
    [
      41,
      0.55435
    ],
    [
      42,
      0.57609
    ],
    [
      43,
      0.61232
    ],
    [
      44,
      0.67029
    ],
    [
      45,
      0.68478
    ],
    [
      46,
      0.71377
    ],
    [
      47,
      0.73913
    ],
    [
      48,
      0.76087
    ],
    [
      49,
      0.78261
    ],
    [
      50,
      0.81884
    ],
    [
      51,
      0.81884
    ],
    [
      52,
      0.81522
    ],
    [
      53,
      0.81522
    ],
    [
      54,
      0.8442
    ],
    [
      55,
      0.84058
    ],
    [
      56,
      0.81522
    ],
    [
      57,
      0.86232
    ],
    [
      58,
      0.85507
    ],
    [
      59,
      0.86594
    ],
    [
      60,
      0.87319
    ],
    [
      61,
      0.8442
    ],
    [
      62,
      0.88406
    ],
    [
      63,
      0.88768
    ],
    [
      64,
      0.87319
    ],
    [
      65,
      0.89855
    ],
    [
      66,
      0.89493
    ],
    [
      67,
      0.91304
    ],
    [
      68,
      0.92391
    ],
    [
      69,
      0.87319
    ],
    [
      70,
      0.93116
    ],
    [
      71,
      0.94203
    ],
    [
      72,
      0.91304
    ],
    [
      73,
      0.92029
    ],
    [
      74,
      0.90217
    ],
    [
      75,
      0.9529
    ],
    [
      76,
      0.92754
    ],
    [
      77,
      0.93841
    ],
    [
      78,
      0.93841
    ],
    [
      79,
      0.93478
    ],
    [
      80,
      0.92391
    ],
    [
      81,
      0.94203
    ],
    [
      82,
      0.94203
    ],
    [
      83,
      0.93841
    ],
    [
      84,
      0.94203
    ],
    [
      85,
      0.94928
    ],
    [
      86,
      0.94565
    ],
    [
      87,
      0.94203
    ],
    [
      88,
      0.94928
    ],
    [
      89,
      0.94203
    ],
    [
      90,
      0.94928
    ],
    [
      91,
      0.94203
    ],
    [
      92,
      0.9529
    ],
    [
      93,
      0.93841
    ],
    [
      94,
      0.96014
    ],
    [
      95,
      0.9529
    ],
    [
      96,
      0.91304
    ],
    [
      97,
      0.9529
    ],
    [
      98,
      0.94565
    ],
    [
      99,
      0.97101
    ],
    [
      100,
      0.9529
    ]
  ],